Name,Team,Discipline,Event
ABARCA Megan,United States of America,Artistic Swimming,Duet
ABDELFATTAH Aziza,Egypt,Artistic Swimming,Team
ADZIC Dragan,Slovenia,Handball,Women
ALLER CARBALLO Manuel Angel,Spain,Basketball,
ALTENBURG Valentin,Germany,Hockey,
AMOR Simon Daniel Edward,Japan,Rugby Sevens,Men
ANNAN Alyson Regina,People's Republic of China,Hockey,
ANNEQUIN Marie,France,Artistic Swimming,
ARKELL Robin,Germany,Hockey,
ARZA Carlos Vivier,Angola,Handball,Women
AXNER Tomas,Sweden,Handball,Women
BAM Jenna,South Africa,Rugby Sevens,
BATCH Colin,Australia,Hockey,
BATISTA Gerardo,Puerto Rico,Basketball,Women
BAYER Steven,Belgium,Hockey,
BAZELEY Darren,New Zealand,Football,Men
BEATTIE Ciaran,Great Britain,Rugby Sevens,Women
BLAIN Philippe,Japan,Volleyball,Men
BLECHER SIDOROVA Svetlana,Israel,Artistic Swimming,Duet
BONNET Giles,South Africa,Hockey,
BRIELMEIER Bret,Germany,Basketball,
BRODERICK William,Brazil,Rugby Sevens,Women
BRONDELLO Sandy,Australia,Basketball,Women
BROWNE Kwan,Great Britain,Hockey,
BRUZZO Florian,France,Water Polo,Men
BYDWELL Emilie,United States of America,Rugby Sevens,Women
CAI Bin,People's Republic of China,Volleyball,Women
CALDAS Maximiliano,Spain,Hockey,
CAMA Tomasi,New Zealand,Rugby Sevens,Men
CAMPAGNA Alessandro,Italy,Water Polo,Men
CAMPS SAN JOSE Salvador,Spain,Basketball,
CANTWELL Lynne,South Africa,Rugby Sevens,
CARROLL Ryan,Australia,Basketball,
CHERNETSKA Nataliya,Greece,Artistic Swimming,Duet
CHINNASAMY Ashok Kumar,India,Hockey,
CLARKE Carly,Canada,Basketball,
COLLET Vincent,France,Basketball,Men
COLON Nelson,Puerto Rico,Basketball,Men
COURTEIX David,France,Rugby Sevens,Women
CRETU Gheorghe,Slovenia,Volleyball,Men
da ROCHA Cristiano,Brazil,Handball,Women
DARET Jerome,France,Rugby Sevens,Men
DAVY Jeremy,Australia,Hockey,
DAZEL Renfred,South Africa,Rugby Sevens,Women
de GIORGI Ferdinando,Italy,Volleyball,Men
DELMEE Jeroen,Netherlands,Hockey,
DENIA Santi,Spain,Football,Men
DIALLO Badara Alou,Mali,Football,Men
DIAWARA Kaba,Guinea,Football,Men
DOMINGUES Felipe,Brazil,Artistic Swimming,
DOUDESIS Eva,Netherlands,Water Polo,Women
DUGONJIC Ivo Martin,Uruguay,Rugby Sevens,Men
EHREN Raoul,Belgium,Hockey,
ELIAS Arthur,Brazil,Football,Women
FAALUPEGA Avii,Samoa,Rugby Sevens,
FABRE Julie,France,Artistic Swimming,Team
FARINELLI Roberta,Italy,Artistic Swimming,Team
FARRY Anthony James,India,Hockey,
FERNANDEZ Jordi,Canada,Basketball,Men
FERNANDEZ TARGARONA Isaac,Spain,Basketball,
FERRARA Fernando,Argentina,Hockey,
FERREIRA Marcel,Brazil,Artistic Swimming,
FERRER Alexander,Brazil,Artistic Swimming,
FEW Mark,United States of America,Basketball,
FITZGERALD David,Ireland,Hockey,
FONG Lerissa,Samoa,Rugby Sevens,
FOULARD Gael,France,Hockey,
FRIDAY Mike,United States of America,Rugby Sevens,Men
FUENTES Andrea,United States of America,Artistic Swimming,Team
FUJIKI Mayuko,Spain,Artistic Swimming,Team
FULI Saiasi,Fiji,Rugby Sevens,Women
FULTON Craig Arthur,India,Hockey,
GARCIA CABRERA David,Puerto Rico,Basketball,
GARCIA CUENCA Carlos,Spain,Hockey,
GARCIA GUADARRAMA Victor Jesus,Spain,Basketball,
GAUGISCH Markus,Germany,Handball,Women
GAVILAN MORAL Diego Manuel,Spain,Hockey,
GIALLOMBARDO Patrizia,Italy,Artistic Swimming,Team
GIANI Andrea,France,Volleyball,Men
GIE Cheslyn,South Africa,Hockey,
GILLE Guillaume,France,Handball,Men
GISLASON Alfred,Germany,Handball,Men
GOJKOVIC Vladimir,Montenegro,Water Polo,Men
GOLOVIN Vlagyimir Alekszandrovics,Hungary,Handball,Women
GOMEZ CORA Santiago,Argentina,Rugby Sevens,Men
GOMEZ Ibai,Dominican Republic,Football,Men
GOMIS Joseph,France,Basketball,
GOORJIAN Brian,Australia,Basketball,Men
GOUTSEVA Anastasia,Greece,Artistic Swimming,Duet
GRBIC Nikola,Poland,Volleyball,Men
GRESKOWIAK Arne,Germany,Basketball,
GUIDETTI Giovanni,Serbia,Volleyball,Women
GUSTAVSSON Tony,Australia,Football,Women
GUTIERREZ ZULAICA Lorena,Spain,Hockey,
HALIN Gregory,France,Basketball,
HAMILL Tim,Australia,Water Polo,Men
HAMMOND Rob,Australia,Hockey,
HANRATTY Jack,Canada,Rugby Sevens,Women
HAYES Emma,United States of America,Football,Women
HE Xiaochu,People's Republic of China,Artistic Swimming,
HENNING Andre,Germany,Hockey,
HENRY Thierry,France,Football,Men
HERBERT Gordie,Germany,Basketball,Men
HERGEIRSSON Thorir,Norway,Handball,Women
HERNANDEZ JIMENEZ Francisco de Pau.,Spain,Rugby Sevens,
HICKMAN Mark,Great Britain,Hockey,
HOVASSE Tom,Japan,Basketball,Men
HRUBESCH Horst,Germany,Football,Women
IKEDA Futoshi,Japan,Football,Women
IVEY Royal,South Sudan,Basketball,Men
JACOBSEN Nikolaj,Denmark,Handball,Men
JAKOVLJEVIC Nenad,Serbia,Basketball,
JANE GIRALT Juan,People's Republic of China,Water Polo,Women
JARA SAGUIER Carlos,Paraguay,Football,Men
JARO MOLINA Rafael,Spain,Hockey,
JAUMA CAYUELA Esther,Netherlands,Artistic Swimming,Duet
JENSEN Jesper,Denmark,Handball,Women
JIA Nan,People's Republic of China,Basketball,
JIMENEZ NIETO Cecilia,Spain,Artistic Swimming,Duet
JOHANSSON Per,Netherlands,Handball,Women
KAISER Pierre-Yves,Belgium,Basketball,
KAMMENOU Alexia Anna,Greece,Water Polo,Women
KAPADZE Timur,Uzbekistan,Football,Men
KARFUNKELSTEIN Rogerio,Brazil,Artistic Swimming,
KASHIMA Tomoyo,Japan,Artistic Swimming,Team
KAWAI Mayo,Japan,Artistic Swimming,
KERR Steve,United States of America,Basketball,Men
KHOLOD Maryna,New Zealand,Artistic Swimming,Duet
KIM Hyou Mi,Republic of Korea,Artistic Swimming,Duet
KIRALY Karch,United States of America,Volleyball,Women
KLAMBURG ROQUE Paula,Australia,Artistic Swimming,Team
KOLAKOVIC Igor,Serbia,Volleyball,Men
KOLINISAU Ratu Osea,Fiji,Rugby Sevens,Men
KOSLOWSKI Felix,Netherlands,Volleyball,Women
KOUDI Mandela,South Sudan,Basketball,
KRIKORIAN Adam,United States of America,Water Polo,Women
KRUMBHOLZ Olivier,France,Handball,Women
KULESZA Kasia,Canada,Artistic Swimming,Duet
KWIEK Marcos,Dominican Republic,Volleyball,Women
LAGES GUIMARAES Jose Roberto,Brazil,Volleyball,Women
LAPENA Victor,Canada,Basketball,Women
LATIF Yasmine,Egypt,Artistic Swimming,Team
LAVARINI Stefano,Poland,Volleyball,Women
LAWSON Kara,United States of America,Basketball,
LAZARO REINA Jordi,Spain,Hockey,
LEONARD Christophe,France,Basketball,
LIMA Brian,Samoa,Rugby Sevens,Men
LIUTAI Malika,Tonga,Rugby Sevens,
LOFTUS Adriana,Mexico,Artistic Swimming,Team
LORANTOS Theodoros,France,Water Polo,Women
LU Xiaohui,People's Republic of China,Rugby Sevens,
LU Zhuan,People's Republic of China,Rugby Sevens,Women
LUZON Guy,Israel,Football,Men
MA Chong,People's Republic of China,Rugby Sevens,
MALJKOVIC Marina,Serbia,Basketball,Women
MANABE Masayoshi,Japan,Volleyball,Women
MANENTI John,Australia,Rugby Sevens,Men
MARSIGLIA Angelo,Colombia,Football,Women
MARTIN CEDRES Ambrosio Jose,Spain,Handball,Women
MARTIN LOZANO David,Spain,Water Polo,Men
MASCHERANO Javier,Argentina,Football,Men
MATHEUS Carlos,Brazil,Artistic Swimming,
MAYNE Michael,New Zealand,Football,Women
MENDEZ Marcelo,Argentina,Volleyball,Men
MENDEZ Miguel,Spain,Basketball,Women
MENEZES Jude,Japan,Hockey,
MEZIANE Rachid,Belgium,Basketball,Women
MICALE Rogerio,Egypt,Football,Men
MIHOK Attila,Hungary,Water Polo,Women
MILANO Guillermo,Argentina,Handball,Men
MILLER Curt,United States of America,Basketball,
MITROVIC Marko,United States of America,Football,Men
MLADENOVA Albena,Austria,Artistic Swimming,Duet
MOHAMED Mai,Egypt,Artistic Swimming,Duet
MOHAMMED Aisha,Nigeria,Basketball,
MORGAN Kerri,Canada,Artistic Swimming,Duet
MOVELLAN de la MAZA Borja,Spain,Hockey,
MUNALA Japheth,Kenya,Volleyball,Women
MUNOZ BENITEZ Fernando,Egypt,Volleyball,Men
MWAPE Bruce,Zambia,Football,Women
MWEMA Kevin,Kenya,Rugby Sevens,Men
N'DONG Boniface,Canada,Basketball,
NAKAJIMA Takako,Japan,Artistic Swimming,Team
NASKAR Arup,India,Hockey,
NELHOMME Ruddy,France,Basketball,
NICOL Greg,New Zealand,Hockey,
OBRY Laure,France,Artistic Swimming,Team
OCA GAIA Miguel Angel,Spain,Water Polo,Women
OGEYINGBO Ayodeji,Nigeria,Basketball,
OIWA Go,Japan,Football,Men
OLAJUWON Alon,Nigeria,Basketball,
ONHA MARQUES Sergio,Brazil,Artistic Swimming,
ONO Shoko,Australia,Artistic Swimming,Team
ONZUKA Toru,Japan,Basketball,Women
ORTEGA PEREZ Antonio Carlos,Japan,Handball,Men
OTUMULI Mavae,Tonga,Rugby Sevens,
PAGE Danielle Nicole,Serbia,Basketball,
PAGE Murriel,Canada,Basketball,
PALOMERO MARTIN Oscar,Spain,Hockey,
PARADELO David,Canada,Water Polo,Women
PARKER Naasier,South Africa,Rugby Sevens,
PASSMORE David,United States of America,Hockey,
PASTOR GOMEZ Juan Carlos,Egypt,Handball,Men
PATRICK David,Australia,Basketball,
PAUL Jody,Great Britain,Hockey,
PEDRERO Ofelia,Mexico,Artistic Swimming,Team
PESIC Svetislav,Serbia,Basketball,Men
PETROVIC Aleksandar,Brazil,Basketball,Men
POMARE Sapani,Samoa,Rugby Sevens,
POSSENTI Fernando,Brazil,Artistic Swimming,
POWELL Katrina,Australia,Hockey,
PRADO BRANAS Joaquin,Spain,Basketball,
PRIESTMAN Bev,Canada,Football,Women
PUGH Richie,Great Britain,Rugby Sevens,
PYSMENNA Oksana,Republic of Korea,Artistic Swimming,Duet
RADHI SHENAISHIL,Iraq,Football,Men
RALPH David,Great Britain,Hockey,
RATH Bogdan,Romania,Water Polo,Men
REEVE Cheryl,United States of America,Basketball,Women
RENARD Herve,France,Football,Women
REQUENA PERICAS Judit,Spain,Artistic Swimming,Team
REVINGTON Paul,Great Britain,Hockey,
RIBERA ROMANS Jordi,Spain,Handball,Men
RIPPON Bec,Australia,Water Polo,Women
ROCHA de REZENDE Bernardo,Brazil,Volleyball,Men
RODRIGUEZ VAQUERO Jose Maria,Hungary,Handball,Men
RONCONI Mariano,Argentina,Hockey,
ROQUES Tony,Great Britain,Rugby Sevens,
ROTAN Ruslan,Ukraine,Football,Men
ROUSSEAUX Emile,France,Volleyball,Women
SAMMELVUO Tuomas,Canada,Volleyball,Men
SANTARELLI Daniele,TÃ¼rkiye,Volleyball,Women
SASSA Norio,Japan,Basketball,
SCARIOLO Sergio,Spain,Basketball,Men
SCHOPMAN Johanna Dorothea Maria,India,Hockey,
SEEBHOM Shannon,Australia,Basketball,
SEKTIOUI Tarik,Morocco,Football,Men
SEKULIC Marko,Serbia,Basketball,
SHEN Yingsha,People's Republic of China,Artistic Swimming,
SHIOTA Yoshinori,Japan,Water Polo,Men
SIEBEN Craig,Great Britain,Hockey,
SIGNELL Kurt Henrik,Republic of Korea,Handball,Women
SIGURDSSON Dagur,Croatia,Handball,Men
SILIPO Carlo,Italy,Water Polo,Women
SNYMAN Philip,South Africa,Rugby Sevens,Men
SOLBERG Glenn,Sweden,Handball,Men
SOYEZ Frederic,France,Hockey,
SPANOULIS Vasilis,Greece,Basketball,Men
SPERAW John,United States of America,Volleyball,Men
STANIFORTH Dave,Australia,Hockey,
STEVANOVIC Uros,Serbia,Water Polo,Men
STOJAKOVIC Ognjen,Serbia,Basketball,
SUZUKI Takashi,Japan,Rugby Sevens,Women
SWEENEY Cory,New Zealand,Rugby Sevens,Women
TARRES CAMPA Ana,People's Republic of China,Artistic Swimming,Team
TEIXEIRA Lara,United States of America,Artistic Swimming,Team
TEMPLE-JONES Allan,Ireland,Rugby Sevens,Women
THOMAIDIS Lisa,Germany,Basketball,Women
THORPE Karen,Great Britain,Artistic Swimming,Duet
THUSS Anne,Germany,Basketball,
TOME Montse,Spain,Football,Women
TOMOMATSU Yumiko,Great Britain,Artistic Swimming,Duet
TOPPING James,Ireland,Rugby Sevens,Men
TOUPANE Jean Aime,France,Basketball,Women
TUCAK Ivica,Croatia,Water Polo,Men
TUDELA PERRET Matias,Spain,Rugby Sevens,
TUIFUA Tevita,Tonga,Rugby Sevens,
TUMILTY Mark,Ireland,Hockey,
UDOVICIC Dejan,United States of America,Water Polo,Men
UPTON Patrick Anthony Howard,India,Hockey,
USUI Tomohiro,Japan,Basketball,
VAIANGINA Ekitino,Tonga,Rugby Sevens,
van ASS Paul,Netherlands,Hockey,
van den HEUVEL Michel,Belgium,Hockey,Men
VARGA Zsolt,Hungary,Water Polo,Men
VEGA HERRERO Anna,Spain,Artistic Swimming,
VELASCO Julio,Italy,Volleyball,Women
VLACHOS Theodoros,Greece,Water Polo,Men
VOLOSHYNA Anna,Canada,Artistic Swimming,Team
WAKAMA Rena,Nigeria,Basketball,Women
WALDRUM Randy,Nigeria,Football,Women
WALSH Timothy,Australia,Rugby Sevens,Women
WANG Jiuli,People's Republic of China,Artistic Swimming,Duet
WILLE Jonas,Norway,Handball,Men
WINIARSKI Michal,Germany,Volleyball,Men
WRIGHT Tanisha,United States of America,Basketball,
YAKHNO Yelyzaveta,Canada,Artistic Swimming,Team
ZAITSEVA Olesia,Ukraine,Artistic Swimming,Duet
ZHANG Xiaohuan,People's Republic of China,Artistic Swimming,Team
ZHAO Dantong,People's Republic of China,Artistic Swimming,
ZHENG Wei,People's Republic of China,Basketball,Women
ZHU Jiangtao,People's Republic of China,Rugby Sevens,
ZHU Jing,People's Republic of China,Rugby Sevens,
ZORMAN Uros,Slovenia,Handball,Men
STEVANOVIC Uros,Serbia,Water Polo,Men
STOJAKOVIC Ognjen,Serbia,Basketball,
SUZUKI Takashi,Japan,Rugby Sevens,Women
SWEENEY Cory,New Zealand,Rugby Sevens,Women
TARRES CAMPA Ana,People's Republic of China,Artistic Swimming,Team
TEIXEIRA Lara,United States of America,Artistic Swimming,Team
TEMPLE-JONES Allan,Ireland,Rugby Sevens,Women
THOMAIDIS Lisa,Germany,Basketball,Women
THORPE Karen,Great Britain,Artistic Swimming,Duet
THUSS Anne,Germany,Basketball,
TOME Montse,Spain,Football,Women
TOMOMATSU Yumiko,Great Britain,Artistic Swimming,Duet
TOPPING James,Ireland,Rugby Sevens,Men
TOUPANE Jean Aime,France,Basketball,Women
TUCAK Ivica,Croatia,Water Polo,Men
TUDELA PERRET Matias,Spain,Rugby Sevens,
TUIFUA Tevita,Tonga,Rugby Sevens,
TUMILTY Mark,Ireland,Hockey,
UDOVICIC Dejan,United States of America,Water Polo,Men
UPTON Patrick Anthony Howard,India,Hockey,
USUI Tomohiro,Japan,Basketball,
VAIANGINA Ekitino,Tonga,Rugby Sevens,
van ASS Paul,Netherlands,Hockey,
van den HEUVEL Michel,Belgium,Hockey,Men
VARGA Zsolt,Hungary,Water Polo,Men
VEGA HERRERO Anna,Spain,Artistic Swimming,
VELASCO Julio,Italy,Volleyball,Women
VLACHOS Theodoros,Greece,Water Polo,Men
VOLOSHYNA Anna,Canada,Artistic Swimming,Team
WAKAMA Rena,Nigeria,Basketball,Women
WALDRUM Randy,Nigeria,Football,Women
WALSH Timothy,Australia,Rugby Sevens,Women
WANG Jiuli,People's Republic of China,Artistic Swimming,Duet
WILLE Jonas,Norway,Handball,Men
WINIARSKI Michal,Germany,Volleyball,Men
WRIGHT Tanisha,United States of America,Basketball,
YAKHNO Yelyzaveta,Canada,Artistic Swimming,Team
ZAITSEVA Olesia,Ukraine,Artistic Swimming,Duet
ZHANG Xiaohuan,People's Republic of China,Artistic Swimming,Team
ZHAO Dantong,People's Republic of China,Artistic Swimming,
ZHENG Wei,People's Republic of China,Basketball,Women
ZHU Jiangtao,People's Republic of China,Rugby Sevens,
ZHU Jing,People's Republic of China,Rugby Sevens,
ZORMAN Uros,Slovenia,Handball,Men
