Name,NOC,Discipline,event
Australia ,Australia ,3x3 Basketball,Women
Azerbaijan ,Azerbaijan ,3x3 Basketball,Women
Canada ,Canada ,3x3 Basketball,Women
France ,France ,3x3 Basketball,Men
France ,France ,3x3 Basketball,Women
Germany ,Germany ,3x3 Basketball,Women
Latvia ,Latvia ,3x3 Basketball,Men
Lithuania ,Lithuania ,3x3 Basketball,Men
Netherlands ,Netherlands ,3x3 Basketball,Men
People's Republic of China ,People's Republic of China ,3x3 Basketball,Men
People's Republic of China ,People's Republic of China ,3x3 Basketball,Women
Poland ,Poland ,3x3 Basketball,Men
Serbia ,Serbia ,3x3 Basketball,Men
Spain ,Spain ,3x3 Basketball,Women
United States of America ,United States of America ,3x3 Basketball,Men
United States of America ,United States of America ,3x3 Basketball,Women
Australia ,Australia ,Archery,Mixed Team
Brazil ,Brazil ,Archery,Mixed Team
Canada ,Canada ,Archery,Mixed Team
Colombia ,Colombia ,Archery,Men's Team
Colombia ,Colombia ,Archery,Mixed Team
Czechia ,Czechia ,Archery,Mixed Team
Egypt ,Egypt ,Archery,Mixed Team
France ,France ,Archery,Men's Team
France ,France ,Archery,Women's Team
France ,France ,Archery,Mixed Team
Germany ,Germany ,Archery,Women's Team
Germany ,Germany ,Archery,Mixed Team
Great Britain ,Great Britain ,Archery,Men's Team
Great Britain ,Great Britain ,Archery,Women's Team
Great Britain ,Great Britain ,Archery,Mixed Team
India ,India ,Archery,Men's Team
India ,India ,Archery,Women's Team
India ,India ,Archery,Mixed Team
Indonesia ,Indonesia ,Archery,Women's Team
Indonesia ,Indonesia ,Archery,Mixed Team
Israel ,Israel ,Archery,Mixed Team
Italy ,Italy ,Archery,Men's Team
Italy ,Italy ,Archery,Mixed Team
Japan ,Japan ,Archery,Men's Team
Japan ,Japan ,Archery,Mixed Team
Kazakhstan ,Kazakhstan ,Archery,Men's Team
Malaysia ,Malaysia ,Archery,Women's Team
Mexico ,Mexico ,Archery,Men's Team
Mexico ,Mexico ,Archery,Women's Team
Mexico ,Mexico ,Archery,Mixed Team
Netherlands ,Netherlands ,Archery,Women's Team
Netherlands ,Netherlands ,Archery,Mixed Team
People's Republic of China ,People's Republic of China ,Archery,Men's Team
People's Republic of China ,People's Republic of China ,Archery,Women's Team
People's Republic of China ,People's Republic of China ,Archery,Mixed Team
Republic of Korea ,Republic of Korea ,Archery,Men's Team
Republic of Korea ,Republic of Korea ,Archery,Women's Team
Republic of Korea ,Republic of Korea ,Archery,Mixed Team
Republic of Moldova ,Republic of Moldova ,Archery,Mixed Team
Slovenia ,Slovenia ,Archery,Mixed Team
Spain ,Spain ,Archery,Mixed Team
Chinese Taipei ,Chinese Taipei ,Archery,Men's Team
Chinese Taipei ,Chinese Taipei ,Archery,Women's Team
Chinese Taipei ,Chinese Taipei ,Archery,Mixed Team
Türkiye ,Türkiye ,Archery,Men's Team
Türkiye ,Türkiye ,Archery,Mixed Team
Ukraine ,Ukraine ,Archery,Mixed Team
United States of America ,United States of America ,Archery,Women's Team
United States of America ,United States of America ,Archery,Mixed Team
Uzbekistan ,Uzbekistan ,Archery,Mixed Team
Vietnam ,Vietnam ,Archery,Mixed Team
Australia ,Australia ,Artistic Gymnastics,Women's Team
Brazil ,Brazil ,Artistic Gymnastics,Women's Team
Canada ,Canada ,Artistic Gymnastics,Men's Team
Canada ,Canada ,Artistic Gymnastics,Women's Team
France ,France ,Artistic Gymnastics,Women's Team
Germany ,Germany ,Artistic Gymnastics,Men's Team
Great Britain ,Great Britain ,Artistic Gymnastics,Men's Team
Great Britain ,Great Britain ,Artistic Gymnastics,Women's Team
Italy ,Italy ,Artistic Gymnastics,Men's Team
Italy ,Italy ,Artistic Gymnastics,Women's Team
Japan ,Japan ,Artistic Gymnastics,Men's Team
Japan ,Japan ,Artistic Gymnastics,Women's Team
Netherlands ,Netherlands ,Artistic Gymnastics,Men's Team
Netherlands ,Netherlands ,Artistic Gymnastics,Women's Team
People's Republic of China ,People's Republic of China ,Artistic Gymnastics,Men's Team
People's Republic of China ,People's Republic of China ,Artistic Gymnastics,Women's Team
Republic of Korea ,Republic of Korea ,Artistic Gymnastics,Women's Team
Romania ,Romania ,Artistic Gymnastics,Women's Team
Spain ,Spain ,Artistic Gymnastics,Men's Team
Switzerland ,Switzerland ,Artistic Gymnastics,Men's Team
Türkiye ,Türkiye ,Artistic Gymnastics,Men's Team
Ukraine ,Ukraine ,Artistic Gymnastics,Men's Team
United States of America ,United States of America ,Artistic Gymnastics,Men's Team
United States of America ,United States of America ,Artistic Gymnastics,Women's Team
Australia ,Australia ,Artistic Swimming,Duet
Australia ,Australia ,Artistic Swimming,Team
Austria ,Austria ,Artistic Swimming,Duet
Canada ,Canada ,Artistic Swimming,Duet
Canada ,Canada ,Artistic Swimming,Team
Egypt ,Egypt ,Artistic Swimming,Duet
Egypt ,Egypt ,Artistic Swimming,Team
France ,France ,Artistic Swimming,Duet
France ,France ,Artistic Swimming,Team
Great Britain ,Great Britain ,Artistic Swimming,Duet
Greece ,Greece ,Artistic Swimming,Duet
Israel ,Israel ,Artistic Swimming,Duet
Italy ,Italy ,Artistic Swimming,Duet
Italy ,Italy ,Artistic Swimming,Team
Japan ,Japan ,Artistic Swimming,Duet
Japan ,Japan ,Artistic Swimming,Team
Mexico ,Mexico ,Artistic Swimming,Duet
Mexico ,Mexico ,Artistic Swimming,Team
Netherlands ,Netherlands ,Artistic Swimming,Duet
New Zealand ,New Zealand ,Artistic Swimming,Duet
People's Republic of China ,People's Republic of China ,Artistic Swimming,Duet
People's Republic of China ,People's Republic of China ,Artistic Swimming,Team
Republic of Korea ,Republic of Korea ,Artistic Swimming,Duet
Spain ,Spain ,Artistic Swimming,Duet
Spain ,Spain ,Artistic Swimming,Team
Ukraine ,Ukraine ,Artistic Swimming,Duet
United States of America ,United States of America ,Artistic Swimming,Duet
United States of America ,United States of America ,Artistic Swimming,Team
Australia ,Australia ,Athletics,Men's 4 x 100m Relay
Australia ,Australia ,Athletics,Women's 4 x 100m Relay
COWLEY R / MONTAG J ,COWLEY R / MONTAG J ,Athletics,Marathon Race Walk Relay Mixed
TINGAY D / HENDERSON R ,TINGAY D / HENDERSON R ,Athletics,Marathon Race Walk Relay Mixed
Bahamas ,Bahamas ,Athletics,4 x 400m Relay Mixed
Belgium ,Belgium ,Athletics,Men's 4 x 400m Relay
Belgium ,Belgium ,Athletics,Women's 4 x 100m Relay
Belgium ,Belgium ,Athletics,Women's 4 x 400m Relay
Belgium ,Belgium ,Athletics,4 x 400m Relay Mixed
Botswana ,Botswana ,Athletics,Men's 4 x 400m Relay
Brazil ,Brazil ,Athletics,Men's 4 x 100m Relay
Brazil ,Brazil ,Athletics,Men's 4 x 400m Relay
BONFIM C / LYRA V ,BONFIM C / LYRA V ,Athletics,Marathon Race Walk Relay Mixed
Canada ,Canada ,Athletics,Men's 4 x 100m Relay
Canada ,Canada ,Athletics,Women's 4 x 100m Relay
Canada ,Canada ,Athletics,Women's 4 x 400m Relay
DUNFEE E / LUNDMAN O ,DUNFEE E / LUNDMAN O ,Athletics,Marathon Race Walk Relay Mixed
HERRERA/MOJICA CHALARCA ,HERRERA/MOJICA CHALARCA ,Athletics,Marathon Race Walk Relay Mixed
ROMERO M / ARENAS L ,ROMERO M / ARENAS L ,Athletics,Marathon Race Walk Relay Mixed
Côte d'Ivoire ,Côte d'Ivoire ,Athletics,Women's 4 x 100m Relay
Cuba ,Cuba ,Athletics,Women's 4 x 400m Relay
HLAVAC V / MARTINKOVA E ,HLAVAC V / MARTINKOVA E ,Athletics,Marathon Race Walk Relay Mixed
Dominican Republic ,Dominican Republic ,Athletics,4 x 400m Relay Mixed
PINTADO BD / MOREJON G ,PINTADO BD / MOREJON G ,Athletics,Marathon Race Walk Relay Mixed
France ,France ,Athletics,Men's 4 x 100m Relay
France ,France ,Athletics,Men's 4 x 400m Relay
France ,France ,Athletics,Women's 4 x 100m Relay
France ,France ,Athletics,Women's 4 x 400m Relay
France ,France ,Athletics,4 x 400m Relay Mixed
QUINION A / BERETTA C ,QUINION A / BERETTA C ,Athletics,Marathon Race Walk Relay Mixed
Germany ,Germany ,Athletics,Men's 4 x 100m Relay
Germany ,Germany ,Athletics,Men's 4 x 400m Relay
Germany ,Germany ,Athletics,Women's 4 x 100m Relay
Germany ,Germany ,Athletics,Women's 4 x 400m Relay
Germany ,Germany ,Athletics,4 x 400m Relay Mixed
LINKE C / FEIGE S ,LINKE C / FEIGE S ,Athletics,Marathon Race Walk Relay Mixed
Ghana ,Ghana ,Athletics,Men's 4 x 100m Relay
Great Britain ,Great Britain ,Athletics,Men's 4 x 100m Relay
Great Britain ,Great Britain ,Athletics,Men's 4 x 400m Relay
Great Britain ,Great Britain ,Athletics,Women's 4 x 100m Relay
Great Britain ,Great Britain ,Athletics,Women's 4 x 400m Relay
Great Britain ,Great Britain ,Athletics,4 x 400m Relay Mixed
VENYERCSAN B / RECSEI R ,VENYERCSAN B / RECSEI R ,Athletics,Marathon Race Walk Relay Mixed
India ,India ,Athletics,Men's 4 x 400m Relay
India ,India ,Athletics,Women's 4 x 400m Relay
PANWAR Suraj / PRIYANKA ,PANWAR Suraj / PRIYANKA ,Athletics,Marathon Race Walk Relay Mixed
Ireland ,Ireland ,Athletics,Women's 4 x 400m Relay
Ireland ,Ireland ,Athletics,4 x 400m Relay Mixed
Italy ,Italy ,Athletics,Men's 4 x 100m Relay
Italy ,Italy ,Athletics,Men's 4 x 400m Relay
Italy ,Italy ,Athletics,Women's 4 x 100m Relay
Italy ,Italy ,Athletics,Women's 4 x 400m Relay
Italy ,Italy ,Athletics,4 x 400m Relay Mixed
STANO M / PALMISANO A ,STANO M / PALMISANO A ,Athletics,Marathon Race Walk Relay Mixed
Jamaica ,Jamaica ,Athletics,Men's 4 x 100m Relay
Jamaica ,Jamaica ,Athletics,Women's 4 x 100m Relay
Jamaica ,Jamaica ,Athletics,Women's 4 x 400m Relay
Jamaica ,Jamaica ,Athletics,4 x 400m Relay Mixed
Japan ,Japan ,Athletics,Men's 4 x 100m Relay
Japan ,Japan ,Athletics,Men's 4 x 400m Relay
KAWANO M / OKADA K ,KAWANO M / OKADA K ,Athletics,Marathon Race Walk Relay Mixed
TAKAHASHI K / YANAI A ,TAKAHASHI K / YANAI A ,Athletics,Marathon Race Walk Relay Mixed
Kenya ,Kenya ,Athletics,4 x 400m Relay Mixed
Liberia ,Liberia ,Athletics,Men's 4 x 100m Relay
PALMA OLIVARES/GONZALEZ ,PALMA OLIVARES/GONZALEZ ,Athletics,Marathon Race Walk Relay Mixed
Netherlands ,Netherlands ,Athletics,Men's 4 x 100m Relay
Netherlands ,Netherlands ,Athletics,Women's 4 x 100m Relay
Netherlands ,Netherlands ,Athletics,Women's 4 x 400m Relay
Netherlands ,Netherlands ,Athletics,4 x 400m Relay Mixed
Nigeria ,Nigeria ,Athletics,Men's 4 x 100m Relay
Nigeria ,Nigeria ,Athletics,Men's 4 x 400m Relay
Nigeria ,Nigeria ,Athletics,Women's 4 x 100m Relay
Nigeria ,Nigeria ,Athletics,4 x 400m Relay Mixed
Norway ,Norway ,Athletics,Women's 4 x 400m Relay
People's Republic of China ,People's Republic of China ,Athletics,Men's 4 x 100m Relay
HE X / QIEYANG S ,HE X / QIEYANG S ,Athletics,Marathon Race Walk Relay Mixed
ZHANG Jun / YANG Jiayu ,ZHANG Jun / YANG Jiayu ,Athletics,Marathon Race Walk Relay Mixed
RODRIGUEZ/GARCIA LEON ,RODRIGUEZ/GARCIA LEON ,Athletics,Marathon Race Walk Relay Mixed
Poland ,Poland ,Athletics,Men's 4 x 400m Relay
Poland ,Poland ,Athletics,Women's 4 x 100m Relay
Poland ,Poland ,Athletics,Women's 4 x 400m Relay
Poland ,Poland ,Athletics,4 x 400m Relay Mixed
BEN HLIMA M / CHOJECKA O ,BEN HLIMA M / CHOJECKA O ,Athletics,Marathon Race Walk Relay Mixed
CERNY D / BURZALOVA H ,CERNY D / BURZALOVA H ,Athletics,Marathon Race Walk Relay Mixed
South Africa ,South Africa ,Athletics,Men's 4 x 100m Relay
South Africa ,South Africa ,Athletics,Men's 4 x 400m Relay
Spain ,Spain ,Athletics,Men's 4 x 400m Relay
Spain ,Spain ,Athletics,Women's 4 x 100m Relay
Spain ,Spain ,Athletics,Women's 4 x 400m Relay
LOPEZ MA / MONTESINOS C ,LOPEZ MA / MONTESINOS C ,Athletics,Marathon Race Walk Relay Mixed
MARTIN A / PEREZ M ,MARTIN A / PEREZ M ,Athletics,Marathon Race Walk Relay Mixed
Switzerland ,Switzerland ,Athletics,Women's 4 x 100m Relay
Switzerland ,Switzerland ,Athletics,Women's 4 x 400m Relay
Switzerland ,Switzerland ,Athletics,4 x 400m Relay Mixed
Trinidad and Tobago ,Trinidad and Tobago ,Athletics,Men's 4 x 400m Relay
Trinidad and Tobago ,Trinidad and Tobago ,Athletics,Women's 4 x 100m Relay
DEMIR M / TEKDAL A ,DEMIR M / TEKDAL A ,Athletics,Marathon Race Walk Relay Mixed
Ukraine ,Ukraine ,Athletics,4 x 400m Relay Mixed
BANZERUK I / OLYANOVSKA L ,BANZERUK I / OLYANOVSKA L ,Athletics,Marathon Race Walk Relay Mixed
United States of America ,United States of America ,Athletics,Men's 4 x 100m Relay
United States of America ,United States of America ,Athletics,Men's 4 x 400m Relay
United States of America ,United States of America ,Athletics,Women's 4 x 100m Relay
United States of America ,United States of America ,Athletics,Women's 4 x 400m Relay
United States of America ,United States of America ,Athletics,4 x 400m Relay Mixed
Zambia ,Zambia ,Athletics,Men's 4 x 400m Relay
Australia ,Australia ,Basketball,Men
Australia ,Australia ,Basketball,Women
Belgium ,Belgium ,Basketball,Women
Brazil ,Brazil ,Basketball,Men
Canada ,Canada ,Basketball,Men
Canada ,Canada ,Basketball,Women
France ,France ,Basketball,Men
France ,France ,Basketball,Women
Germany ,Germany ,Basketball,Men
Germany ,Germany ,Basketball,Women
Greece ,Greece ,Basketball,Men
Japan ,Japan ,Basketball,Men
Japan ,Japan ,Basketball,Women
Nigeria ,Nigeria ,Basketball,Women
People's Republic of China ,People's Republic of China ,Basketball,Women
Puerto Rico ,Puerto Rico ,Basketball,Men
Puerto Rico ,Puerto Rico ,Basketball,Women
Serbia ,Serbia ,Basketball,Men
Serbia ,Serbia ,Basketball,Women
South Sudan ,South Sudan ,Basketball,Men
Spain ,Spain ,Basketball,Men
Spain ,Spain ,Basketball,Women
United States of America ,United States of America ,Basketball,Men
United States of America ,United States of America ,Basketball,Women
Hodges/Schubert ,Hodges/Schubert ,Beach Volleyball,Men
Nicolaidis/Carracher ,Nicolaidis/Carracher ,Beach Volleyball,Men
Mariafe/Clancy ,Mariafe/Clancy ,Beach Volleyball,Women
Horl/Horst ,Horl/Horst ,Beach Volleyball,Men
Evandro/Arthur ,Evandro/Arthur ,Beach Volleyball,Men
George/Andre ,George/Andre ,Beach Volleyball,Men
Ana Patricia/Duda ,Ana Patricia/Duda ,Beach Volleyball,Women
Carol/Barbara ,Carol/Barbara ,Beach Volleyball,Women
Schachter/Dearing ,Schachter/Dearing ,Beach Volleyball,Men
Bansley/Bukovec ,Bansley/Bukovec ,Beach Volleyball,Women
Melissa/Brandie ,Melissa/Brandie ,Beach Volleyball,Women
M.Grimalt/E.Grimalt ,M.Grimalt/E.Grimalt ,Beach Volleyball,Men
Diaz/Alayo ,Diaz/Alayo ,Beach Volleyball,Men
Perusic/Schweiner ,Perusic/Schweiner ,Beach Volleyball,Men
Hermannova/Stochlova ,Hermannova/Stochlova ,Beach Volleyball,Women
Marwa/D. Elghobashy ,Marwa/D. Elghobashy ,Beach Volleyball,Women
Bassereau/Lyneel ,Bassereau/Lyneel ,Beach Volleyball,Men
Krou/Gauthier-Rat ,Krou/Gauthier-Rat ,Beach Volleyball,Men
Placette/Richard ,Placette/Richard ,Beach Volleyball,Women
Vieira/Chamereau ,Vieira/Chamereau ,Beach Volleyball,Women
Ehlers/Wickler ,Ehlers/Wickler ,Beach Volleyball,Men
Ludwig/Lippmann ,Ludwig/Lippmann ,Beach Volleyball,Women
Muller/Tillmann ,Muller/Tillmann ,Beach Volleyball,Women
Cottafava/Nicolai ,Cottafava/Nicolai ,Beach Volleyball,Men
Ranghieri/Carambula ,Ranghieri/Carambula ,Beach Volleyball,Men
Gottardi/Menegatti ,Gottardi/Menegatti ,Beach Volleyball,Women
Akiko/Ishii ,Akiko/Ishii ,Beach Volleyball,Women
Tina/Anastasija ,Tina/Anastasija ,Beach Volleyball,Women
Paulikiene/Raupelyte ,Paulikiene/Raupelyte ,Beach Volleyball,Women
Abicha/Elgraoui ,Abicha/Elgraoui ,Beach Volleyball,Men
Boermans/de Groot ,Boermans/de Groot ,Beach Volleyball,Men
van de Velde/Immers ,van de Velde/Immers ,Beach Volleyball,Men
Stam/Schoon ,Stam/Schoon ,Beach Volleyball,Women
Mol/Sorum ,Mol/Sorum ,Beach Volleyball,Men
Poletti/Michelle ,Poletti/Michelle ,Beach Volleyball,Women
Xue/X.Y.Xia ,Xue/X.Y.Xia ,Beach Volleyball,Women
Bryl/Losiak ,Bryl/Losiak ,Beach Volleyball,Men
Cherif/Ahmed ,Cherif/Ahmed ,Beach Volleyball,Men
Herrera/Gavira ,Herrera/Gavira ,Beach Volleyball,Men
Alvarez M/Moreno ,Alvarez M/Moreno ,Beach Volleyball,Women
Liliana/Paula ,Liliana/Paula ,Beach Volleyball,Women
Ahman/Hellvig ,Ahman/Hellvig ,Beach Volleyball,Men
Esmee/Zoe ,Esmee/Zoe ,Beach Volleyball,Women
Huberli/Brunner ,Huberli/Brunner ,Beach Volleyball,Women
Evans/Budinger ,Evans/Budinger ,Beach Volleyball,Men
Partain/Benesh ,Partain/Benesh ,Beach Volleyball,Men
Hughes/Cheng ,Hughes/Cheng ,Beach Volleyball,Women
Nuss/Kloth ,Nuss/Kloth ,Beach Volleyball,Women
Australia ,Australia ,Cycling Track,Men's Team Sprint
Australia ,Australia ,Cycling Track,Men's Team Pursuit
Australia ,Australia ,Cycling Track,Men's Madison
Australia ,Australia ,Cycling Track,Women's Team Pursuit
Australia ,Australia ,Cycling Track,Women's Madison
Austria ,Austria ,Cycling Track,Men's Madison
Belgium ,Belgium ,Cycling Track,Men's Team Pursuit
Belgium ,Belgium ,Cycling Track,Men's Madison
Belgium ,Belgium ,Cycling Track,Women's Madison
Canada ,Canada ,Cycling Track,Men's Team Sprint
Canada ,Canada ,Cycling Track,Men's Team Pursuit
Canada ,Canada ,Cycling Track,Men's Madison
Canada ,Canada ,Cycling Track,Women's Team Sprint
Canada ,Canada ,Cycling Track,Women's Team Pursuit
Canada ,Canada ,Cycling Track,Women's Madison
Czechia ,Czechia ,Cycling Track,Men's Madison
Denmark ,Denmark ,Cycling Track,Men's Team Pursuit
Denmark ,Denmark ,Cycling Track,Men's Madison
Denmark ,Denmark ,Cycling Track,Women's Madison
France ,France ,Cycling Track,Men's Team Sprint
France ,France ,Cycling Track,Men's Team Pursuit
France ,France ,Cycling Track,Men's Madison
France ,France ,Cycling Track,Women's Team Pursuit
France ,France ,Cycling Track,Women's Madison
Germany ,Germany ,Cycling Track,Men's Team Sprint
Germany ,Germany ,Cycling Track,Men's Team Pursuit
Germany ,Germany ,Cycling Track,Men's Madison
Germany ,Germany ,Cycling Track,Women's Team Sprint
Germany ,Germany ,Cycling Track,Women's Team Pursuit
Germany ,Germany ,Cycling Track,Women's Madison
Great Britain ,Great Britain ,Cycling Track,Men's Team Sprint
Great Britain ,Great Britain ,Cycling Track,Men's Team Pursuit
Great Britain ,Great Britain ,Cycling Track,Men's Madison
Great Britain ,Great Britain ,Cycling Track,Women's Team Sprint
Great Britain ,Great Britain ,Cycling Track,Women's Team Pursuit
Great Britain ,Great Britain ,Cycling Track,Women's Madison
Ireland ,Ireland ,Cycling Track,Women's Team Pursuit
Ireland ,Ireland ,Cycling Track,Women's Madison
Italy ,Italy ,Cycling Track,Men's Team Pursuit
Italy ,Italy ,Cycling Track,Men's Madison
Italy ,Italy ,Cycling Track,Women's Team Pursuit
Italy ,Italy ,Cycling Track,Women's Madison
Japan ,Japan ,Cycling Track,Men's Team Sprint
Japan ,Japan ,Cycling Track,Men's Team Pursuit
Japan ,Japan ,Cycling Track,Men's Madison
Japan ,Japan ,Cycling Track,Women's Team Pursuit
Japan ,Japan ,Cycling Track,Women's Madison
Mexico ,Mexico ,Cycling Track,Women's Team Sprint
Netherlands ,Netherlands ,Cycling Track,Men's Team Sprint
Netherlands ,Netherlands ,Cycling Track,Men's Madison
Netherlands ,Netherlands ,Cycling Track,Women's Team Sprint
Netherlands ,Netherlands ,Cycling Track,Women's Madison
New Zealand ,New Zealand ,Cycling Track,Men's Team Pursuit
New Zealand ,New Zealand ,Cycling Track,Men's Madison
New Zealand ,New Zealand ,Cycling Track,Women's Team Sprint
New Zealand ,New Zealand ,Cycling Track,Women's Team Pursuit
New Zealand ,New Zealand ,Cycling Track,Women's Madison
People's Republic of China ,People's Republic of China ,Cycling Track,Men's Team Sprint
People's Republic of China ,People's Republic of China ,Cycling Track,Women's Team Sprint
Poland ,Poland ,Cycling Track,Women's Team Sprint
Poland ,Poland ,Cycling Track,Women's Madison
Portugal ,Portugal ,Cycling Track,Men's Madison
Spain ,Spain ,Cycling Track,Men's Madison
Switzerland ,Switzerland ,Cycling Track,Women's Madison
United States of America ,United States of America ,Cycling Track,Women's Team Pursuit
United States of America ,United States of America ,Cycling Track,Women's Madison
Algeria ,Algeria ,Fencing,Women's Sabre Team
Canada ,Canada ,Fencing,Women's Foil Team
Canada ,Canada ,Fencing,Men's Foil Team
Canada ,Canada ,Fencing,Men's Sabre Team
Czechia ,Czechia ,Fencing,Men's Épée Team
Egypt ,Egypt ,Fencing,Women's Épée Team
Egypt ,Egypt ,Fencing,Women's Foil Team
Egypt ,Egypt ,Fencing,Men's Épée Team
Egypt ,Egypt ,Fencing,Men's Foil Team
Egypt ,Egypt ,Fencing,Men's Sabre Team
France ,France ,Fencing,Women's Épée Team
France ,France ,Fencing,Women's Foil Team
France ,France ,Fencing,Women's Sabre Team
France ,France ,Fencing,Men's Épée Team
France ,France ,Fencing,Men's Foil Team
France ,France ,Fencing,Men's Sabre Team
Hungary ,Hungary ,Fencing,Women's Sabre Team
Hungary ,Hungary ,Fencing,Men's Épée Team
Hungary ,Hungary ,Fencing,Men's Sabre Team
Islamic Republic of Iran ,Islamic Republic of Iran ,Fencing,Men's Sabre Team
Italy ,Italy ,Fencing,Women's Épée Team
Italy ,Italy ,Fencing,Women's Foil Team
Italy ,Italy ,Fencing,Women's Sabre Team
Italy ,Italy ,Fencing,Men's Épée Team
Italy ,Italy ,Fencing,Men's Foil Team
Italy ,Italy ,Fencing,Men's Sabre Team
Japan ,Japan ,Fencing,Women's Foil Team
Japan ,Japan ,Fencing,Women's Sabre Team
Japan ,Japan ,Fencing,Men's Épée Team
Japan ,Japan ,Fencing,Men's Foil Team
Kazakhstan ,Kazakhstan ,Fencing,Men's Épée Team
People's Republic of China ,People's Republic of China ,Fencing,Women's Épée Team
People's Republic of China ,People's Republic of China ,Fencing,Women's Foil Team
People's Republic of China ,People's Republic of China ,Fencing,Men's Foil Team
Poland ,Poland ,Fencing,Women's Épée Team
Poland ,Poland ,Fencing,Women's Foil Team
Poland ,Poland ,Fencing,Men's Foil Team
Republic of Korea ,Republic of Korea ,Fencing,Women's Épée Team
Republic of Korea ,Republic of Korea ,Fencing,Women's Sabre Team
Republic of Korea ,Republic of Korea ,Fencing,Men's Sabre Team
Ukraine ,Ukraine ,Fencing,Women's Épée Team
Ukraine ,Ukraine ,Fencing,Women's Sabre Team
United States of America ,United States of America ,Fencing,Women's Épée Team
United States of America ,United States of America ,Fencing,Women's Foil Team
United States of America ,United States of America ,Fencing,Women's Sabre Team
United States of America ,United States of America ,Fencing,Men's Foil Team
United States of America ,United States of America ,Fencing,Men's Sabre Team
Venezuela ,Venezuela ,Fencing,Men's Épée Team
Argentina ,Argentina ,Football,Men
Australia ,Australia ,Football,Women
Brazil ,Brazil ,Football,Women
Canada ,Canada ,Football,Women
Colombia ,Colombia ,Football,Women
Dominican Republic ,Dominican Republic ,Football,Men
Egypt ,Egypt ,Football,Men
France ,France ,Football,Men
France ,France ,Football,Women
Germany ,Germany ,Football,Women
Guinea ,Guinea ,Football,Men
Iraq ,Iraq ,Football,Men
Israel ,Israel ,Football,Men
Japan ,Japan ,Football,Men
Japan ,Japan ,Football,Women
Mali ,Mali ,Football,Men
Morocco ,Morocco ,Football,Men
New Zealand ,New Zealand ,Football,Men
New Zealand ,New Zealand ,Football,Women
Nigeria ,Nigeria ,Football,Women
Paraguay ,Paraguay ,Football,Men
Spain ,Spain ,Football,Men
Spain ,Spain ,Football,Women
Ukraine ,Ukraine ,Football,Men
United States of America ,United States of America ,Football,Men
United States of America ,United States of America ,Football,Women
Uzbekistan ,Uzbekistan ,Football,Men
Zambia ,Zambia ,Football,Women
Angola ,Angola ,Handball,Women
Argentina ,Argentina ,Handball,Men
Brazil ,Brazil ,Handball,Women
Croatia ,Croatia ,Handball,Men
Denmark ,Denmark ,Handball,Men
Denmark ,Denmark ,Handball,Women
Egypt ,Egypt ,Handball,Men
France ,France ,Handball,Men
France ,France ,Handball,Women
Germany ,Germany ,Handball,Men
Germany ,Germany ,Handball,Women
Hungary ,Hungary ,Handball,Men
Hungary ,Hungary ,Handball,Women
Japan ,Japan ,Handball,Men
Netherlands ,Netherlands ,Handball,Women
Norway ,Norway ,Handball,Men
Norway ,Norway ,Handball,Women
Republic of Korea ,Republic of Korea ,Handball,Women
Slovenia ,Slovenia ,Handball,Men
Slovenia ,Slovenia ,Handball,Women
Spain ,Spain ,Handball,Men
Spain ,Spain ,Handball,Women
Sweden ,Sweden ,Handball,Men
Sweden ,Sweden ,Handball,Women
Argentina ,Argentina ,Hockey,Men
Argentina ,Argentina ,Hockey,Women
Australia ,Australia ,Hockey,Men
Australia ,Australia ,Hockey,Women
Belgium ,Belgium ,Hockey,Men
Belgium ,Belgium ,Hockey,Women
France ,France ,Hockey,Men
France ,France ,Hockey,Women
Germany ,Germany ,Hockey,Men
Germany ,Germany ,Hockey,Women
Great Britain ,Great Britain ,Hockey,Men
Great Britain ,Great Britain ,Hockey,Women
India ,India ,Hockey,Men
Ireland ,Ireland ,Hockey,Men
Japan ,Japan ,Hockey,Women
Netherlands ,Netherlands ,Hockey,Men
Netherlands ,Netherlands ,Hockey,Women
New Zealand ,New Zealand ,Hockey,Men
People's Republic of China ,People's Republic of China ,Hockey,Women
South Africa ,South Africa ,Hockey,Men
South Africa ,South Africa ,Hockey,Women
Spain ,Spain ,Hockey,Men
Spain ,Spain ,Hockey,Women
United States of America ,United States of America ,Hockey,Women
Austria ,Austria ,Judo,Mixed Team
Brazil ,Brazil ,Judo,Mixed Team
Canada ,Canada ,Judo,Mixed Team
France ,France ,Judo,Mixed Team
Georgia ,Georgia ,Judo,Mixed Team
Germany ,Germany ,Judo,Mixed Team
Hungary ,Hungary ,Judo,Mixed Team
Israel ,Israel ,Judo,Mixed Team
Italy ,Italy ,Judo,Mixed Team
Japan ,Japan ,Judo,Mixed Team
Kazakhstan ,Kazakhstan ,Judo,Mixed Team
Mongolia ,Mongolia ,Judo,Mixed Team
Netherlands ,Netherlands ,Judo,Mixed Team
Refugee Olympic Team ,Refugee Olympic Team ,Judo,Mixed Team
Republic of Korea ,Republic of Korea ,Judo,Mixed Team
Serbia ,Serbia ,Judo,Mixed Team
Spain ,Spain ,Judo,Mixed Team
Türkiye ,Türkiye ,Judo,Mixed Team
Uzbekistan ,Uzbekistan ,Judo,Mixed Team
Australia ,Australia ,Rhythmic Gymnastics,Group All-Around
Azerbaijan ,Azerbaijan ,Rhythmic Gymnastics,Group All-Around
Brazil ,Brazil ,Rhythmic Gymnastics,Group All-Around
Bulgaria ,Bulgaria ,Rhythmic Gymnastics,Group All-Around
Egypt ,Egypt ,Rhythmic Gymnastics,Group All-Around
France ,France ,Rhythmic Gymnastics,Group All-Around
Germany ,Germany ,Rhythmic Gymnastics,Group All-Around
Israel ,Israel ,Rhythmic Gymnastics,Group All-Around
Italy ,Italy ,Rhythmic Gymnastics,Group All-Around
Mexico ,Mexico ,Rhythmic Gymnastics,Group All-Around
People's Republic of China ,People's Republic of China ,Rhythmic Gymnastics,Group All-Around
Spain ,Spain ,Rhythmic Gymnastics,Group All-Around
Ukraine ,Ukraine ,Rhythmic Gymnastics,Group All-Around
Uzbekistan ,Uzbekistan ,Rhythmic Gymnastics,Group All-Around
Argentina ,Argentina ,Rugby Sevens,Men
Australia ,Australia ,Rugby Sevens,Men
Australia ,Australia ,Rugby Sevens,Women
Brazil ,Brazil ,Rugby Sevens,Women
Canada ,Canada ,Rugby Sevens,Women
Fiji ,Fiji ,Rugby Sevens,Men
Fiji ,Fiji ,Rugby Sevens,Women
France ,France ,Rugby Sevens,Men
France ,France ,Rugby Sevens,Women
Great Britain ,Great Britain ,Rugby Sevens,Women
Ireland ,Ireland ,Rugby Sevens,Men
Ireland ,Ireland ,Rugby Sevens,Women
Japan ,Japan ,Rugby Sevens,Men
Japan ,Japan ,Rugby Sevens,Women
Kenya ,Kenya ,Rugby Sevens,Men
New Zealand ,New Zealand ,Rugby Sevens,Men
New Zealand ,New Zealand ,Rugby Sevens,Women
People's Republic of China ,People's Republic of China ,Rugby Sevens,Women
Samoa ,Samoa ,Rugby Sevens,Men
South Africa ,South Africa ,Rugby Sevens,Men
South Africa ,South Africa ,Rugby Sevens,Women
United States of America ,United States of America ,Rugby Sevens,Men
United States of America ,United States of America ,Rugby Sevens,Women
Uruguay ,Uruguay ,Rugby Sevens,Men
Australia ,Australia ,Swimming,Women's 4 x 100m Freestyle Relay
Australia ,Australia ,Swimming,Women's 4 x 200m Freestyle Relay
Australia ,Australia ,Swimming,Women's 4 x 100m Medley Relay
Australia ,Australia ,Swimming,Men's 4 x 100m Freestyle Relay
Australia ,Australia ,Swimming,Men's 4 x 200m Freestyle Relay
Australia ,Australia ,Swimming,Men's 4 x 100m Medley Relay
Australia ,Australia ,Swimming,Mixed 4 x 100m Medley Relay
Austria ,Austria ,Swimming,Men's 4 x 100m Medley Relay
Brazil ,Brazil ,Swimming,Women's 4 x 100m Freestyle Relay
Brazil ,Brazil ,Swimming,Women's 4 x 200m Freestyle Relay
Brazil ,Brazil ,Swimming,Men's 4 x 100m Freestyle Relay
Brazil ,Brazil ,Swimming,Men's 4 x 200m Freestyle Relay
Brazil ,Brazil ,Swimming,Mixed 4 x 100m Medley Relay
Canada ,Canada ,Swimming,Women's 4 x 100m Freestyle Relay
Canada ,Canada ,Swimming,Women's 4 x 200m Freestyle Relay
Canada ,Canada ,Swimming,Women's 4 x 100m Medley Relay
Canada ,Canada ,Swimming,Men's 4 x 100m Freestyle Relay
Canada ,Canada ,Swimming,Men's 4 x 200m Freestyle Relay
Canada ,Canada ,Swimming,Men's 4 x 100m Medley Relay
Canada ,Canada ,Swimming,Mixed 4 x 100m Medley Relay
Denmark ,Denmark ,Swimming,Women's 4 x 100m Freestyle Relay
Denmark ,Denmark ,Swimming,Women's 4 x 100m Medley Relay
France ,France ,Swimming,Women's 4 x 100m Freestyle Relay
France ,France ,Swimming,Women's 4 x 200m Freestyle Relay
France ,France ,Swimming,Women's 4 x 100m Medley Relay
France ,France ,Swimming,Men's 4 x 100m Freestyle Relay
France ,France ,Swimming,Men's 4 x 200m Freestyle Relay
France ,France ,Swimming,Men's 4 x 100m Medley Relay
France ,France ,Swimming,Mixed 4 x 100m Medley Relay
Germany ,Germany ,Swimming,Women's 4 x 200m Freestyle Relay
Germany ,Germany ,Swimming,Women's 4 x 100m Medley Relay
Germany ,Germany ,Swimming,Men's 4 x 100m Freestyle Relay
Germany ,Germany ,Swimming,Men's 4 x 200m Freestyle Relay
Germany ,Germany ,Swimming,Men's 4 x 100m Medley Relay
Germany ,Germany ,Swimming,Mixed 4 x 100m Medley Relay
Great Britain ,Great Britain ,Swimming,Women's 4 x 100m Freestyle Relay
Great Britain ,Great Britain ,Swimming,Women's 4 x 200m Freestyle Relay
Great Britain ,Great Britain ,Swimming,Women's 4 x 100m Medley Relay
Great Britain ,Great Britain ,Swimming,Men's 4 x 100m Freestyle Relay
Great Britain ,Great Britain ,Swimming,Men's 4 x 200m Freestyle Relay
Great Britain ,Great Britain ,Swimming,Men's 4 x 100m Medley Relay
Great Britain ,Great Britain ,Swimming,Mixed 4 x 100m Medley Relay
Greece ,Greece ,Swimming,Men's 4 x 100m Freestyle Relay
Greece ,Greece ,Swimming,Men's 4 x 200m Freestyle Relay
Greece ,Greece ,Swimming,Mixed 4 x 100m Medley Relay
"Hong Kong, China ","Hong Kong, China ",Swimming,Women's 4 x 100m Freestyle Relay
"Hong Kong, China ","Hong Kong, China ",Swimming,Women's 4 x 100m Medley Relay
Hungary ,Hungary ,Swimming,Women's 4 x 100m Freestyle Relay
Hungary ,Hungary ,Swimming,Women's 4 x 200m Freestyle Relay
Hungary ,Hungary ,Swimming,Men's 4 x 100m Freestyle Relay
Ireland ,Ireland ,Swimming,Women's 4 x 100m Freestyle Relay
Ireland ,Ireland ,Swimming,Women's 4 x 100m Medley Relay
Ireland ,Ireland ,Swimming,Men's 4 x 100m Medley Relay
Israel ,Israel ,Swimming,Women's 4 x 200m Freestyle Relay
Israel ,Israel ,Swimming,Men's 4 x 100m Freestyle Relay
Israel ,Israel ,Swimming,Men's 4 x 200m Freestyle Relay
Israel ,Israel ,Swimming,Mixed 4 x 100m Medley Relay
Italy ,Italy ,Swimming,Women's 4 x 100m Freestyle Relay
Italy ,Italy ,Swimming,Women's 4 x 200m Freestyle Relay
Italy ,Italy ,Swimming,Women's 4 x 100m Medley Relay
Italy ,Italy ,Swimming,Men's 4 x 100m Freestyle Relay
Italy ,Italy ,Swimming,Men's 4 x 200m Freestyle Relay
Italy ,Italy ,Swimming,Men's 4 x 100m Medley Relay
Italy ,Italy ,Swimming,Mixed 4 x 100m Medley Relay
Japan ,Japan ,Swimming,Women's 4 x 200m Freestyle Relay
Japan ,Japan ,Swimming,Women's 4 x 100m Medley Relay
Japan ,Japan ,Swimming,Men's 4 x 200m Freestyle Relay
Japan ,Japan ,Swimming,Men's 4 x 100m Medley Relay
Japan ,Japan ,Swimming,Mixed 4 x 100m Medley Relay
Lithuania ,Lithuania ,Swimming,Men's 4 x 200m Freestyle Relay
Netherlands ,Netherlands ,Swimming,Women's 4 x 100m Freestyle Relay
Netherlands ,Netherlands ,Swimming,Women's 4 x 200m Freestyle Relay
Netherlands ,Netherlands ,Swimming,Women's 4 x 100m Medley Relay
Netherlands ,Netherlands ,Swimming,Men's 4 x 100m Medley Relay
Netherlands ,Netherlands ,Swimming,Mixed 4 x 100m Medley Relay
New Zealand ,New Zealand ,Swimming,Women's 4 x 200m Freestyle Relay
People's Republic of China ,People's Republic of China ,Swimming,Women's 4 x 100m Freestyle Relay
People's Republic of China ,People's Republic of China ,Swimming,Women's 4 x 200m Freestyle Relay
People's Republic of China ,People's Republic of China ,Swimming,Women's 4 x 100m Medley Relay
People's Republic of China ,People's Republic of China ,Swimming,Men's 4 x 100m Freestyle Relay
People's Republic of China ,People's Republic of China ,Swimming,Men's 4 x 200m Freestyle Relay
People's Republic of China ,People's Republic of China ,Swimming,Men's 4 x 100m Medley Relay
People's Republic of China ,People's Republic of China ,Swimming,Mixed 4 x 100m Medley Relay
Poland ,Poland ,Swimming,Women's 4 x 100m Freestyle Relay
Poland ,Poland ,Swimming,Women's 4 x 100m Medley Relay
Poland ,Poland ,Swimming,Men's 4 x 100m Freestyle Relay
Poland ,Poland ,Swimming,Men's 4 x 100m Medley Relay
Poland ,Poland ,Swimming,Mixed 4 x 100m Medley Relay
Republic of Korea ,Republic of Korea ,Swimming,Men's 4 x 200m Freestyle Relay
Republic of Korea ,Republic of Korea ,Swimming,Men's 4 x 100m Medley Relay
Republic of Korea ,Republic of Korea ,Swimming,Mixed 4 x 100m Medley Relay
Serbia ,Serbia ,Swimming,Men's 4 x 100m Freestyle Relay
Singapore ,Singapore ,Swimming,Women's 4 x 100m Medley Relay
Slovenia ,Slovenia ,Swimming,Women's 4 x 100m Freestyle Relay
Spain ,Spain ,Swimming,Women's 4 x 200m Freestyle Relay
Spain ,Spain ,Swimming,Men's 4 x 100m Freestyle Relay
Spain ,Spain ,Swimming,Men's 4 x 200m Freestyle Relay
Spain ,Spain ,Swimming,Men's 4 x 100m Medley Relay
Sweden ,Sweden ,Swimming,Women's 4 x 100m Freestyle Relay
Sweden ,Sweden ,Swimming,Women's 4 x 100m Medley Relay
Sweden ,Sweden ,Swimming,Men's 4 x 100m Freestyle Relay
Sweden ,Sweden ,Swimming,Mixed 4 x 100m Medley Relay
Switzerland ,Switzerland ,Swimming,Men's 4 x 200m Freestyle Relay
Switzerland ,Switzerland ,Swimming,Men's 4 x 100m Medley Relay
Türkiye ,Türkiye ,Swimming,Women's 4 x 200m Freestyle Relay
United States of America ,United States of America ,Swimming,Women's 4 x 100m Freestyle Relay
United States of America ,United States of America ,Swimming,Women's 4 x 200m Freestyle Relay
United States of America ,United States of America ,Swimming,Women's 4 x 100m Medley Relay
United States of America ,United States of America ,Swimming,Men's 4 x 100m Freestyle Relay
United States of America ,United States of America ,Swimming,Men's 4 x 200m Freestyle Relay
United States of America ,United States of America ,Swimming,Men's 4 x 100m Medley Relay
United States of America ,United States of America ,Swimming,Mixed 4 x 100m Medley Relay
LUM Nicholas / JEE Minhyung ,LUM Nicholas / JEE Minhyung ,Table Tennis,Mixed Doubles
Australia ,Australia ,Table Tennis,Men's Team
Australia ,Australia ,Table Tennis,Women's Team
ISHIY Vitor / TAKAHASHI Bruna ,ISHIY Vitor / TAKAHASHI Bruna ,Table Tennis,Mixed Doubles
Brazil ,Brazil ,Table Tennis,Men's Team
Brazil ,Brazil ,Table Tennis,Women's Team
Canada ,Canada ,Table Tennis,Men's Team
Croatia ,Croatia ,Table Tennis,Men's Team
CAMPOS Jorge / FONSECA Daniela ,CAMPOS Jorge / FONSECA Daniela ,Table Tennis,Mixed Doubles
RI Jong Sik / KIM Kum Yong ,RI Jong Sik / KIM Kum Yong ,Table Tennis,Mixed Doubles
Denmark ,Denmark ,Table Tennis,Men's Team
ASSAR Omar / MESHREF Dina ,ASSAR Omar / MESHREF Dina ,Table Tennis,Mixed Doubles
Egypt ,Egypt ,Table Tennis,Men's Team
Egypt ,Egypt ,Table Tennis,Women's Team
LEBRUN Alexis / YUAN Jia Nan ,LEBRUN Alexis / YUAN Jia Nan ,Table Tennis,Mixed Doubles
France ,France ,Table Tennis,Men's Team
France ,France ,Table Tennis,Women's Team
QIU Dang / MITTELHAM Nina ,QIU Dang / MITTELHAM Nina ,Table Tennis,Mixed Doubles
Germany ,Germany ,Table Tennis,Men's Team
Germany ,Germany ,Table Tennis,Women's Team
WONG Chun Ting / DOO Hoi Kem ,WONG Chun Ting / DOO Hoi Kem ,Table Tennis,Mixed Doubles
"Hong Kong, China ","Hong Kong, China ",Table Tennis,Women's Team
ECSEKI Nandor / MADARASZ Dora ,ECSEKI Nandor / MADARASZ Dora ,Table Tennis,Mixed Doubles
India ,India ,Table Tennis,Men's Team
India ,India ,Table Tennis,Women's Team
HARIMOTO Tomokazu / HAYATA Hina ,HARIMOTO Tomokazu / HAYATA Hina ,Table Tennis,Mixed Doubles
Japan ,Japan ,Table Tennis,Men's Team
Japan ,Japan ,Table Tennis,Women's Team
WANG Chuqin / SUN Yingsha ,WANG Chuqin / SUN Yingsha ,Table Tennis,Mixed Doubles
People's Republic of China ,People's Republic of China ,Table Tennis,Men's Team
People's Republic of China ,People's Republic of China ,Table Tennis,Women's Team
Poland ,Poland ,Table Tennis,Women's Team
Portugal ,Portugal ,Table Tennis,Men's Team
LIM Jonghoon / SHIN Yubin ,LIM Jonghoon / SHIN Yubin ,Table Tennis,Mixed Doubles
Republic of Korea ,Republic of Korea ,Table Tennis,Men's Team
Republic of Korea ,Republic of Korea ,Table Tennis,Women's Team
IONESCU Ovidiu / SZOCS Bernadette ,IONESCU Ovidiu / SZOCS Bernadette ,Table Tennis,Mixed Doubles
Romania ,Romania ,Table Tennis,Women's Team
Slovenia ,Slovenia ,Table Tennis,Men's Team
ROBLES Alvaro / XIAO Maria ,ROBLES Alvaro / XIAO Maria ,Table Tennis,Mixed Doubles
KARLSSON Kristian / KALLBERG Christina ,KARLSSON Kristian / KALLBERG Christina ,Table Tennis,Mixed Doubles
Sweden ,Sweden ,Table Tennis,Men's Team
Sweden ,Sweden ,Table Tennis,Women's Team
Thailand ,Thailand ,Table Tennis,Women's Team
LIN Yun-Ju / CHEN Szu-Yu ,LIN Yun-Ju / CHEN Szu-Yu ,Table Tennis,Mixed Doubles
Chinese Taipei ,Chinese Taipei ,Table Tennis,Men's Team
Chinese Taipei ,Chinese Taipei ,Table Tennis,Women's Team
United States of America ,United States of America ,Table Tennis,Women's Team
Australia ,Australia ,Triathlon,Mixed Relay
Austria ,Austria ,Triathlon,Mixed Relay
Belgium ,Belgium ,Triathlon,Mixed Relay
Brazil ,Brazil ,Triathlon,Mixed Relay
France ,France ,Triathlon,Mixed Relay
Germany ,Germany ,Triathlon,Mixed Relay
Great Britain ,Great Britain ,Triathlon,Mixed Relay
Italy ,Italy ,Triathlon,Mixed Relay
Mexico ,Mexico ,Triathlon,Mixed Relay
Netherlands ,Netherlands ,Triathlon,Mixed Relay
New Zealand ,New Zealand ,Triathlon,Mixed Relay
Norway ,Norway ,Triathlon,Mixed Relay
Portugal ,Portugal ,Triathlon,Mixed Relay
Spain ,Spain ,Triathlon,Mixed Relay
Switzerland ,Switzerland ,Triathlon,Mixed Relay
United States of America ,United States of America ,Triathlon,Mixed Relay
Argentina ,Argentina ,Volleyball,Men
Brazil ,Brazil ,Volleyball,Men
Brazil ,Brazil ,Volleyball,Women
Canada ,Canada ,Volleyball,Men
Dominican Republic ,Dominican Republic ,Volleyball,Women
Egypt ,Egypt ,Volleyball,Men
France ,France ,Volleyball,Men
France ,France ,Volleyball,Women
Germany ,Germany ,Volleyball,Men
Italy ,Italy ,Volleyball,Men
Italy ,Italy ,Volleyball,Women
Japan ,Japan ,Volleyball,Men
Japan ,Japan ,Volleyball,Women
Kenya ,Kenya ,Volleyball,Women
Netherlands ,Netherlands ,Volleyball,Women
People's Republic of China ,People's Republic of China ,Volleyball,Women
Poland ,Poland ,Volleyball,Men
Poland ,Poland ,Volleyball,Women
Serbia ,Serbia ,Volleyball,Men
Serbia ,Serbia ,Volleyball,Women
Slovenia ,Slovenia ,Volleyball,Men
Türkiye ,Türkiye ,Volleyball,Women
United States of America ,United States of America ,Volleyball,Men
United States of America ,United States of America ,Volleyball,Women
Australia ,Australia ,Water Polo,Men
Australia ,Australia ,Water Polo,Women
Canada ,Canada ,Water Polo,Women
Croatia ,Croatia ,Water Polo,Men
France ,France ,Water Polo,Men
France ,France ,Water Polo,Women
Greece ,Greece ,Water Polo,Men
Greece ,Greece ,Water Polo,Women
Hungary ,Hungary ,Water Polo,Men
Hungary ,Hungary ,Water Polo,Women
Italy ,Italy ,Water Polo,Men
Italy ,Italy ,Water Polo,Women
Japan ,Japan ,Water Polo,Men
Montenegro ,Montenegro ,Water Polo,Men
Netherlands ,Netherlands ,Water Polo,Women
People's Republic of China ,People's Republic of China ,Water Polo,Women
Romania ,Romania ,Water Polo,Men
Serbia ,Serbia ,Water Polo,Men
Spain ,Spain ,Water Polo,Men
Spain ,Spain ,Water Polo,Women
United States of America ,United States of America ,Water Polo,Men
United States of America ,United States of America ,Water Polo,Women
Greece ,Greece ,Water Polo,Women
Hungary ,Hungary ,Water Polo,Men
Hungary ,Hungary ,Water Polo,Women
Italy ,Italy ,Water Polo,Men
Italy ,Italy ,Water Polo,Women
Japan ,Japan ,Water Polo,Men
Montenegro ,Montenegro ,Water Polo,Men
Netherlands ,Netherlands ,Water Polo,Women
People's Republic of China ,People's Republic of China ,Water Polo,Women
Romania ,Romania ,Water Polo,Men
Serbia ,Serbia ,Water Polo,Men
Spain ,Spain ,Water Polo,Men
Spain ,Spain ,Water Polo,Women
United States of America ,United States of America ,Water Polo,Men
United States of America ,United States of America ,Water Polo,Women
